{
  "name": "Workflow_Web",
  "nodes": [
    {
      "parameters": {
        "multipleMethods": true,
        "httpMethod": [
          "GET"
        ],
        "path": "2fc9a982-7a88-4633-8106-92fb95338269",
        "responseMode": "responseNode",
        "options": {
          "rawBody": true
        }
      },
      "type": "n8n-nodes-base.webhook",
      "typeVersion": 2,
      "position": [
        -272,
        272
      ],
      "id": "0ed214e1-a270-4e8b-8de6-ded87dafc231",
      "name": "Webhook",
      "webhookId": "2fc9a982-7a88-4633-8106-92fb95338269"
    },
    {
      "parameters": {
        "options": {}
      },
      "type": "n8n-nodes-base.respondToWebhook",
      "typeVersion": 1.4,
      "position": [
        848,
        240
      ],
      "id": "10decb16-8fd2-46ef-ac86-90706c40330d",
      "name": "Respond to Webhook",
      "alwaysOutputData": false
    },
    {
      "parameters": {
        "promptType": "define",
        "text": "={{ $(\"Webhook\").item.json.body.chatInput }}",
        "options": {
          "systemMessage": "You are a phishing type classifier. Given a phishing message, categorize it into one: Email Phishing, Smishing (SMS phishing), Social media phishing, Business Email Compromise, Fake Invoice/Subscription Scams, Tech Support Scam, Investment Scams, Job scams. Output only the category and reasoning seperated by semicolon.\n\nExamples:\nMessage: \"Your email quota is full. Click to upgrade: [link]\". Category: Email Phishing\nMessage: \"Text from bank: Suspicious login, call this number.\". Category: Smishing\nMessage: \"CEO needs urgent wire transfer.\". Category: Business Email Compromise\nMessage: \"You've won an investment opportunity! Invest now.\". Category: Investment Scams\n\nMessage: {{ $json.message }}"
        }
      },
      "type": "@n8n/n8n-nodes-langchain.agent",
      "typeVersion": 2.2,
      "position": [
        480,
        448
      ],
      "id": "10aa9bc4-b6c4-4ae7-b2fd-1c6109f2da7f",
      "name": "AI Agent2",
      "alwaysOutputData": false
    },
    {
      "parameters": {
        "options": {}
      },
      "type": "@n8n/n8n-nodes-langchain.lmChatGoogleGemini",
      "typeVersion": 1,
      "position": [
        432,
        608
      ],
      "id": "034bd1f3-6ace-42de-ae75-ab99396f49f0",
      "name": "Google Gemini Chat Model1",
      "credentials": {
        "googlePalmApi": {
          "id": "v3ri0XUoQR3oVxer",
          "name": "Google Gemini(PaLM) Api account"
        }
      }
    },
    {
      "parameters": {
        "rules": {
          "values": [
            {
              "conditions": {
                "options": {
                  "caseSensitive": false,
                  "leftValue": "",
                  "typeValidation": "strict",
                  "version": 2
                },
                "conditions": [
                  {
                    "leftValue": "={{ $json.output }}",
                    "rightValue": "phishing",
                    "operator": {
                      "type": "string",
                      "operation": "equals"
                    },
                    "id": "be0eb69a-c581-4279-a8eb-b50fa4d96ca6"
                  }
                ],
                "combinator": "and"
              }
            },
            {
              "conditions": {
                "options": {
                  "caseSensitive": false,
                  "leftValue": "",
                  "typeValidation": "strict",
                  "version": 2
                },
                "conditions": [
                  {
                    "id": "4336ddf1-a8e7-4c1a-8bd2-deae8806a5e6",
                    "leftValue": "={{ $json.output }}",
                    "rightValue": "not_phishing",
                    "operator": {
                      "type": "string",
                      "operation": "equals",
                      "name": "filter.operator.equals"
                    }
                  }
                ],
                "combinator": "and"
              }
            }
          ]
        },
        "options": {
          "ignoreCase": true
        }
      },
      "type": "n8n-nodes-base.switch",
      "typeVersion": 3.2,
      "position": [
        256,
        256
      ],
      "id": "180466e3-6d58-4958-877f-7468546ba418",
      "name": "Switch"
    },
    {
      "parameters": {
        "options": {
          "google_domain": "google.com"
        }
      },
      "type": "@n8n/n8n-nodes-langchain.toolSerpApi",
      "typeVersion": 1,
      "position": [
        208,
        576
      ],
      "id": "e0086a20-2756-4a35-b21a-bf50448381ba",
      "name": "SerpAPI",
      "credentials": {
        "serpApi": {
          "id": "Tq5wgnUO4tK5wCSL",
          "name": "SerpAPI account"
        }
      }
    },
    {
      "parameters": {
        "promptType": "define",
        "text": "={{ $json.body.chatInput }}",
        "hasOutputParser": true,
        "options": {
          "systemMessage": "You are a phishing detector. Classify the message as \"phishing\" or \"not_phishing\". Output only the classification.\n\nExamples:\nMessage: \"Your account is suspended. Click here to reactivate: [link]\". Classification: phishing\nMessage: \"Hi, how are you?\". Classification: not_phishing\nMessage: \"Invoice attached for your recent purchase.\". Classification: not_phishing\nMessage: \"Urgent: Verify your bank details or lose access: [link]\". Classification: phishing\n\nMessage: {{ $json.message }}"
        }
      },
      "type": "@n8n/n8n-nodes-langchain.agent",
      "typeVersion": 2.2,
      "position": [
        -64,
        416
      ],
      "id": "92db0d51-8dd6-4811-b37f-216b540e09dc",
      "name": "AI Agent1"
    },
    {
      "parameters": {
        "options": {}
      },
      "type": "@n8n/n8n-nodes-langchain.lmChatGoogleGemini",
      "typeVersion": 1,
      "position": [
        -208,
        576
      ],
      "id": "8d16a517-d568-4c47-ab89-d5cddde7dba7",
      "name": "Google Gemini Chat Model2",
      "credentials": {
        "googlePalmApi": {
          "id": "v3ri0XUoQR3oVxer",
          "name": "Google Gemini(PaLM) Api account"
        }
      }
    }
  ],
  "pinData": {},
  "connections": {
    "Webhook": {
      "main": [
        [
          {
            "node": "AI Agent1",
            "type": "main",
            "index": 0
          }
        ]
      ]
    },
    "Google Gemini Chat Model1": {
      "ai_languageModel": [
        [
          {
            "node": "AI Agent2",
            "type": "ai_languageModel",
            "index": 0
          }
        ]
      ]
    },
    "Switch": {
      "main": [
        [
          {
            "node": "AI Agent2",
            "type": "main",
            "index": 0
          }
        ],
        [
          {
            "node": "Respond to Webhook",
            "type": "main",
            "index": 0
          }
        ]
      ]
    },
    "SerpAPI": {
      "ai_tool": [
        [
          {
            "node": "AI Agent1",
            "type": "ai_tool",
            "index": 0
          }
        ]
      ]
    },
    "AI Agent1": {
      "main": [
        [
          {
            "node": "Switch",
            "type": "main",
            "index": 0
          }
        ]
      ]
    },
    "Google Gemini Chat Model2": {
      "ai_languageModel": [
        [
          {
            "node": "AI Agent1",
            "type": "ai_languageModel",
            "index": 0
          }
        ]
      ]
    },
    "AI Agent2": {
      "main": [
        [
          {
            "node": "Respond to Webhook",
            "type": "main",
            "index": 0
          }
        ]
      ]
    }
  },
  "active": true,
  "settings": {
    "executionOrder": "v1"
  },
  "versionId": "5a7ddb82-be93-4bc9-805a-62954c137cb6",
  "meta": {
    "templateCredsSetupCompleted": true,
    "instanceId": "f014106d3d0356789d200b90fd76f7d7fd019302d7a7a642541dd0c7a3ee7520"
  },
  "id": "iPfhKFozgO4ZoO15",
  "tags": []
}