{
  "name": "workflow_whatsapp",
  "nodes": [
    {
      "parameters": {
        "respondWith": "text",
        "responseBody": "={{ $json.query[\"hub.challenge\"] }} ",
        "options": {
          "responseCode": 200
        }
      },
      "type": "n8n-nodes-base.respondToWebhook",
      "typeVersion": 1.4,
      "position": [
        -480,
        -192
      ],
      "id": "7e201e59-ac13-47c4-880b-b33f922f29c3",
      "name": "Respond to Webhook"
    },
    {
      "parameters": {
        "httpMethod": "POST",
        "path": "f65e9fae-7aaa-4497-b6b9-4f10a92ed2c8",
        "options": {}
      },
      "type": "n8n-nodes-base.webhook",
      "typeVersion": 2.1,
      "position": [
        -720,
        16
      ],
      "id": "10fb11fc-704e-4999-8e12-16703a4022ef",
      "name": "Webhook1",
      "webhookId": "126340c9-c2b3-47ab-9ecd-a56187abb15c"
    },
    {
      "parameters": {
        "conditions": {
          "options": {
            "caseSensitive": true,
            "leftValue": "",
            "typeValidation": "loose",
            "version": 2
          },
          "conditions": [
            {
              "id": "6159f19b-ac5f-4a23-8fad-26694609ea16",
              "leftValue": "={{ $json.body.entry[0].changes[0].value.messages[0].text.body  }}",
              "rightValue": "",
              "operator": {
                "type": "boolean",
                "operation": "notEmpty",
                "singleValue": true
              }
            }
          ],
          "combinator": "and"
        },
        "looseTypeValidation": true,
        "options": {}
      },
      "type": "n8n-nodes-base.filter",
      "typeVersion": 2.2,
      "position": [
        -352,
        32
      ],
      "id": "36a7f11e-2af9-4859-b57c-2dbba6966f28",
      "name": "Filter"
    },
    {
      "parameters": {
        "promptType": "define",
        "text": "={{ $json.body.entry[0].changes[0].value.messages[0].text.body  }} ",
        "hasOutputParser": true,
        "options": {
          "systemMessage": "You are a phishing detector. Classify the message as \"phishing\" or \"not_phishing\". Output only the classification.\n\nExamples:\nMessage: \"Your account is suspended. Click here to reactivate: [link]\". Classification: phishing\nMessage: \"Hi, how are you?\". Classification: not_phishing\nMessage: \"Invoice attached for your recent purchase.\". Classification: not_phishing\nMessage: \"Urgent: Verify your bank details or lose access: [link]\". Classification: phishing\n\nMessage: {{ $json.message }}"
        }
      },
      "type": "@n8n/n8n-nodes-langchain.agent",
      "typeVersion": 2.2,
      "position": [
        -112,
        -128
      ],
      "id": "a26add08-95b6-44e4-8795-734b95d6ab9c",
      "name": "AI Agent"
    },
    {
      "parameters": {
        "options": {}
      },
      "type": "@n8n/n8n-nodes-langchain.lmChatGoogleGemini",
      "typeVersion": 1,
      "position": [
        -144,
        96
      ],
      "id": "25a8e7ed-3344-4df9-be59-843a45db2aac",
      "name": "Google Gemini Chat Model",
      "credentials": {
        "googlePalmApi": {
          "id": "v3ri0XUoQR3oVxer",
          "name": "Google Gemini(PaLM) Api account"
        }
      }
    },
    {
      "parameters": {
        "promptType": "define",
        "text": "={{ $(\"Webhook1\").item.json.body.entry[0].changes[0].value.messages[0].text.body }}",
        "options": {
          "systemMessage": "You are a phishing type classifier. Given a phishing message, categorize it into one: Email Phishing, Smishing (SMS phishing), Social media phishing, Business Email Compromise, Fake Invoice/Subscription Scams, Tech Support Scam, Investment Scams, Job scams. Output only the category.\n\nExamples:\nMessage: \"Your email quota is full. Click to upgrade: [link]\". Category: Email Phishing\nMessage: \"Text from bank: Suspicious login, call this number.\". Category: Smishing\nMessage: \"CEO needs urgent wire transfer.\". Category: Business Email Compromise\nMessage: \"You've won an investment opportunity! Invest now.\". Category: Investment Scams\n\nMessage: {{ $json.message }}"
        }
      },
      "type": "@n8n/n8n-nodes-langchain.agent",
      "typeVersion": 2.2,
      "position": [
        528,
        -80
      ],
      "id": "9af1aad3-5bd4-4ad1-9527-9d9b211abf7d",
      "name": "AI Agent2",
      "alwaysOutputData": false
    },
    {
      "parameters": {
        "options": {}
      },
      "type": "@n8n/n8n-nodes-langchain.lmChatGoogleGemini",
      "typeVersion": 1,
      "position": [
        400,
        48
      ],
      "id": "ed8e1cd0-a85f-42e2-bb23-ccc684efe144",
      "name": "Google Gemini Chat Model1",
      "credentials": {
        "googlePalmApi": {
          "id": "v3ri0XUoQR3oVxer",
          "name": "Google Gemini(PaLM) Api account"
        }
      }
    },
    {
      "parameters": {
        "path": "f65e9fae-7aaa-4497-b6b9-4f10a92ed2c8",
        "responseMode": "responseNode",
        "options": {}
      },
      "type": "n8n-nodes-base.webhook",
      "typeVersion": 2.1,
      "position": [
        -704,
        -192
      ],
      "id": "645fe8fd-71b7-47b3-9099-01c4953742cc",
      "name": "Webhook",
      "webhookId": "f65e9fae-7aaa-4497-b6b9-4f10a92ed2c8"
    },
    {
      "parameters": {
        "operation": "send",
        "phoneNumberId": "725764350626471",
        "recipientPhoneNumber": "+491789218599",
        "textBody": "={{ $json.output }}",
        "additionalFields": {}
      },
      "type": "n8n-nodes-base.whatsApp",
      "typeVersion": 1,
      "position": [
        960,
        96
      ],
      "id": "ece0b602-2ecd-4ac6-8bbd-2e4e6862ccbf",
      "name": "Send message",
      "webhookId": "a4c7364c-d7c0-4b19-9b9f-1d3e401450de",
      "credentials": {
        "whatsAppApi": {
          "id": "uUIb4JUP47nrUIOe",
          "name": "WhatsApp account"
        }
      }
    },
    {
      "parameters": {
        "rules": {
          "values": [
            {
              "conditions": {
                "options": {
                  "caseSensitive": false,
                  "leftValue": "",
                  "typeValidation": "strict",
                  "version": 2
                },
                "conditions": [
                  {
                    "leftValue": "={{ $json.output }}",
                    "rightValue": "phishing",
                    "operator": {
                      "type": "string",
                      "operation": "equals"
                    },
                    "id": "be0eb69a-c581-4279-a8eb-b50fa4d96ca6"
                  }
                ],
                "combinator": "and"
              }
            }
          ]
        },
        "options": {
          "ignoreCase": true
        }
      },
      "type": "n8n-nodes-base.switch",
      "typeVersion": 3.2,
      "position": [
        208,
        -144
      ],
      "id": "eeeafcbf-1efe-4e78-8db9-8e89c9dc29d3",
      "name": "Switch"
    },
    {
      "parameters": {
        "options": {
          "google_domain": "google.com"
        }
      },
      "type": "@n8n/n8n-nodes-langchain.toolSerpApi",
      "typeVersion": 1,
      "position": [
        32,
        96
      ],
      "id": "b7241610-9b63-4c1a-82e9-c8c5eb869e46",
      "name": "SerpAPI",
      "credentials": {
        "serpApi": {
          "id": "Tq5wgnUO4tK5wCSL",
          "name": "SerpAPI account"
        }
      }
    }
  ],
  "pinData": {},
  "connections": {
    "Webhook1": {
      "main": [
        [
          {
            "node": "Filter",
            "type": "main",
            "index": 0
          }
        ]
      ]
    },
    "Filter": {
      "main": [
        [
          {
            "node": "AI Agent",
            "type": "main",
            "index": 0
          }
        ]
      ]
    },
    "Google Gemini Chat Model": {
      "ai_languageModel": [
        [
          {
            "node": "AI Agent",
            "type": "ai_languageModel",
            "index": 0
          }
        ]
      ]
    },
    "AI Agent": {
      "main": [
        [
          {
            "node": "Switch",
            "type": "main",
            "index": 0
          }
        ]
      ]
    },
    "Google Gemini Chat Model1": {
      "ai_languageModel": [
        [
          {
            "node": "AI Agent2",
            "type": "ai_languageModel",
            "index": 0
          }
        ]
      ]
    },
    "Webhook": {
      "main": [
        [
          {
            "node": "Respond to Webhook",
            "type": "main",
            "index": 0
          }
        ]
      ]
    },
    "Switch": {
      "main": [
        [
          {
            "node": "AI Agent2",
            "type": "main",
            "index": 0
          }
        ]
      ]
    },
    "AI Agent2": {
      "main": [
        [
          {
            "node": "Send message",
            "type": "main",
            "index": 0
          }
        ]
      ]
    },
    "SerpAPI": {
      "ai_tool": [
        [
          {
            "node": "AI Agent",
            "type": "ai_tool",
            "index": 0
          }
        ]
      ]
    }
  },
  "active": true,
  "settings": {
    "executionOrder": "v1"
  },
  "versionId": "b23e818b-e0a4-46d6-a477-821570c8ab50",
  "meta": {
    "templateCredsSetupCompleted": true,
    "instanceId": "f014106d3d0356789d200b90fd76f7d7fd019302d7a7a642541dd0c7a3ee7520"
  },
  "id": "U1pyRkvdCdeLXIcY",
  "tags": []
}